-- Demo seed generated from mock data (orgs, shows, roles, audition groups)

INSERT INTO orgs (id, name, slug, logo_url, description, city, state, website_url, code_of_conduct) VALUES ('6206da6a-c455-ae6c-168c-c3e94b10c677', 'North County Theatre', 'north-county-theatre', NULL, 'Community theatre bringing stories to life since 1985.', 'Riverside', 'CA', 'https://northcountytheatre.org', 'NCT is committed to a safe, inclusive, and respectful environment for every volunteer, performer, and audience member. We do not tolerate harassment, discrimination, or unsafe behavior of any kind. All company members agree to: treat one another with respect; honor rehearsal and performance commitments; follow safety guidance from stage management; and raise concerns promptly with the production team or board. Minors are always supervised, and guardians are kept informed of schedules and expectations.') ON CONFLICT (id) DO NOTHING;
INSERT INTO orgs (id, name, slug, logo_url, description, city, state, website_url, code_of_conduct) VALUES ('bdabf113-f012-2bf8-2ed3-8d237b4f2b5b', 'City Light Theatre', 'city-light-theatre', NULL, 'Award-winning community theatre in downtown.', 'San Jose', 'CA', NULL, NULL) ON CONFLICT (id) DO NOTHING;
INSERT INTO orgs (id, name, slug, logo_url, description, city, state, website_url, code_of_conduct) VALUES ('2459ec85-7821-409f-21f3-e5a1419f317e', 'Eastside Players', 'eastside-players', NULL, 'Bold, diverse theatre in the heart of Moreno Valley.', 'Moreno Valley', 'CA', NULL, NULL) ON CONFLICT (id) DO NOTHING;
INSERT INTO orgs (id, name, slug, logo_url, description, city, state, website_url, code_of_conduct) VALUES ('46e7e90e-84f4-2859-ae39-e0180be5dafd', 'Valley Playhouse', 'valley-playhouse', NULL, 'Family-friendly theatre for all ages.', 'Temecula', 'CA', NULL, NULL) ON CONFLICT (id) DO NOTHING;
INSERT INTO orgs (id, name, slug, logo_url, description, city, state, website_url, code_of_conduct) VALUES ('f2984db1-18a6-c541-2f6c-b7f6b87fb0b6', 'Corona Civic Theatre', 'corona-civic-theatre', NULL, 'Corona''s oldest community theatre, est. 1978.', 'Corona', 'CA', NULL, NULL) ON CONFLICT (id) DO NOTHING;
INSERT INTO orgs (id, name, slug, logo_url, description, city, state, website_url, code_of_conduct) VALUES ('0fa44b88-da90-eaae-35b6-9944719b4c54', 'Inland Empire Stage Company', 'ie-stage-co', NULL, 'Professional-quality community theatre pushing boundaries.', 'Redlands', 'CA', NULL, NULL) ON CONFLICT (id) DO NOTHING;

INSERT INTO shows (id, org_id, title, author_info, show_type, season, status, audition_start, audition_end, callback_date, callback_start_time, callback_end_time, rehearsal_start, show_open, show_close, audition_location, audition_notes, callback_location, callback_notes, performance_location, callback_contact_name, callback_contact_phone, city, state, is_promoted) VALUES ('49336f81-4f09-3f9a-1741-9064193ce828', '6206da6a-c455-ae6c-168c-c3e94b10c677', 'Into the Woods', 'Music & Lyrics: Stephen Sondheim, Book: James Lapine', 'musical', '2026-2027', 'auditions_open', '2026-04-14', '2026-04-14', '2026-04-16', '2026-04-16T18:00:00', '2026-04-16T21:00:00', '2026-05-01', '2026-06-12', '2026-06-21', 'NCT Main Stage, 1234 Oak Ave, Riverside', 'Prepare 16 bars of a Sondheim song or similar style. Bring sheet music in your key. An accompanist will be provided.', 'NCT Rehearsal Hall, 1236 Oak Ave, Riverside', 'Sides will be emailed 24 hours before callbacks.', 'NCT Main Stage, 1234 Oak Ave, Riverside', 'David Chen', '(951) 555-0142', 'Riverside', 'CA', false) ON CONFLICT (id) DO NOTHING;
INSERT INTO shows (id, org_id, title, author_info, show_type, season, status, audition_start, audition_end, callback_date, callback_start_time, callback_end_time, rehearsal_start, show_open, show_close, audition_location, audition_notes, callback_location, callback_notes, performance_location, callback_contact_name, callback_contact_phone, city, state, is_promoted) VALUES ('505b9b26-509b-9225-b3a8-f2386dd8017b', '6206da6a-c455-ae6c-168c-c3e94b10c677', 'Seussical the Musical', 'Music: Stephen Flaherty, Lyrics: Lynn Ahrens, Book: Lynn Ahrens & Stephen Flaherty', 'musical', '2026-2027', 'setup', '2026-08-10', '2026-08-11', '2026-08-13', NULL, NULL, '2026-09-01', '2026-10-15', '2026-10-24', 'NCT Main Stage, 1234 Oak Ave, Riverside', 'Prepare a fun, character-driven song that showcases your personality. All ages welcome!', 'NCT Main Stage', NULL, 'NCT Main Stage, 1234 Oak Ave, Riverside', NULL, NULL, 'Riverside', 'CA', false) ON CONFLICT (id) DO NOTHING;
INSERT INTO shows (id, org_id, title, author_info, show_type, season, status, audition_start, audition_end, callback_date, callback_start_time, callback_end_time, rehearsal_start, show_open, show_close, audition_location, audition_notes, callback_location, callback_notes, performance_location, callback_contact_name, callback_contact_phone, city, state, is_promoted) VALUES ('ff3012c1-297e-5371-1766-3f01d995a760', 'bdabf113-f012-2bf8-2ed3-8d237b4f2b5b', 'Little Shop of Horrors', 'Music: Alan Menken, Book & Lyrics: Howard Ashman', 'musical', '2026-2027', 'auditions_open', '2026-04-20', '2026-04-21', '2026-04-23', '2026-04-23T19:00:00', '2026-04-23T21:30:00', '2026-05-10', '2026-06-26', '2026-07-05', 'City Light Playhouse, 456 Main St, San Jose', 'Prepare 32 bars of a pop/rock or musical theatre song. Bring a headshot and resume.', 'City Light Playhouse, 456 Main St, San Jose', 'Enter through the side door on 3rd Ave. Street parking available.', 'City Light Playhouse, 456 Main St, San Jose', 'Rachel Kim', '(408) 555-0198', 'San Jose', 'CA', false) ON CONFLICT (id) DO NOTHING;
INSERT INTO shows (id, org_id, title, author_info, show_type, season, status, audition_start, audition_end, callback_date, callback_start_time, callback_end_time, rehearsal_start, show_open, show_close, audition_location, audition_notes, callback_location, callback_notes, performance_location, callback_contact_name, callback_contact_phone, city, state, is_promoted) VALUES ('23c25fc2-5eca-733e-84d2-2dcba9bad540', '2459ec85-7821-409f-21f3-e5a1419f317e', 'Grease', 'Book, Music & Lyrics: Jim Jacobs & Warren Casey', 'musical', '2026-2027', 'auditions_open', '2026-04-19', '2026-04-19', '2026-04-22', NULL, NULL, '2026-05-05', '2026-06-19', '2026-06-28', 'Eastside Community Center, 789 Elm St, Moreno Valley', 'Prepare a 1950s-style rock & roll or pop song. Dance call included. Wear comfortable shoes.', 'Eastside Community Center', NULL, 'Eastside Community Center, 789 Elm St, Moreno Valley', NULL, NULL, 'Moreno Valley', 'CA', true) ON CONFLICT (id) DO NOTHING;
INSERT INTO shows (id, org_id, title, author_info, show_type, season, status, audition_start, audition_end, callback_date, callback_start_time, callback_end_time, rehearsal_start, show_open, show_close, audition_location, audition_notes, callback_location, callback_notes, performance_location, callback_contact_name, callback_contact_phone, city, state, is_promoted) VALUES ('df3d60da-908c-8521-b2dd-fc57caf4c51f', 'f2984db1-18a6-c541-2f6c-b7f6b87fb0b6', 'The Crucible', 'By Arthur Miller', 'play', '2026-2027', 'auditions_open', '2026-04-26', '2026-04-27', '2026-04-29', NULL, NULL, '2026-05-12', '2026-06-26', '2026-07-05', 'Corona Civic Playhouse, 112 Main St, Corona', 'Cold reads from the script. No preparation needed. Strong dramatic actors encouraged.', 'Corona Civic Playhouse', NULL, 'Corona Civic Playhouse, 112 Main St, Corona', NULL, NULL, 'Corona', 'CA', false) ON CONFLICT (id) DO NOTHING;
INSERT INTO shows (id, org_id, title, author_info, show_type, season, status, audition_start, audition_end, callback_date, callback_start_time, callback_end_time, rehearsal_start, show_open, show_close, audition_location, audition_notes, callback_location, callback_notes, performance_location, callback_contact_name, callback_contact_phone, city, state, is_promoted) VALUES ('ae99140d-3b32-c94e-7b36-084b009ef919', '46e7e90e-84f4-2859-ae39-e0180be5dafd', 'Steel Magnolias', 'By Robert Harling', 'play', '2026-2027', 'auditions_open', '2026-04-22', '2026-04-22', NULL, NULL, NULL, '2026-05-06', '2026-06-05', '2026-06-14', 'Valley Playhouse, 42045 Main St, Temecula', 'Prepare a 1-minute monologue. Southern dialect preferred but not required.', NULL, NULL, 'Valley Playhouse, 42045 Main St, Temecula', NULL, NULL, 'Temecula', 'CA', false) ON CONFLICT (id) DO NOTHING;
INSERT INTO shows (id, org_id, title, author_info, show_type, season, status, audition_start, audition_end, callback_date, callback_start_time, callback_end_time, rehearsal_start, show_open, show_close, audition_location, audition_notes, callback_location, callback_notes, performance_location, callback_contact_name, callback_contact_phone, city, state, is_promoted) VALUES ('22f19709-3311-40b0-7db7-82f979e7f676', '0fa44b88-da90-eaae-35b6-9944719b4c54', 'Spring Awakening', 'Music: Duncan Sheik, Book & Lyrics: Steven Sater', 'musical', '2026-2027', 'auditions_open', '2026-04-28', '2026-04-29', '2026-05-01', NULL, NULL, '2026-05-15', '2026-07-10', '2026-07-19', 'IESC Black Box, 220 Citrus Ave, Redlands', 'Prepare 32 bars of a contemporary musical theatre or pop/rock song. Ages 16-25 for principal roles.', 'IESC Black Box', NULL, 'IESC Black Box, 220 Citrus Ave, Redlands', NULL, NULL, 'Redlands', 'CA', false) ON CONFLICT (id) DO NOTHING;
INSERT INTO shows (id, org_id, title, author_info, show_type, season, status, audition_start, audition_end, callback_date, callback_start_time, callback_end_time, rehearsal_start, show_open, show_close, audition_location, audition_notes, callback_location, callback_notes, performance_location, callback_contact_name, callback_contact_phone, city, state, is_promoted) VALUES ('8ff79934-6092-6787-1a97-335538551da3', '2459ec85-7821-409f-21f3-e5a1419f317e', 'A Raisin in the Sun', 'By Lorraine Hansberry', 'play', '2026-2027', 'auditions_open', '2026-05-03', '2026-05-04', '2026-05-06', NULL, NULL, '2026-05-19', '2026-07-17', '2026-07-26', 'Eastside Community Center, 789 Elm St, Moreno Valley', 'Cold reads from the script. Seeking diverse cast. All experience levels welcome.', 'Eastside Community Center', NULL, 'Eastside Community Center, 789 Elm St, Moreno Valley', NULL, NULL, 'Moreno Valley', 'CA', false) ON CONFLICT (id) DO NOTHING;
INSERT INTO shows (id, org_id, title, author_info, show_type, season, status, audition_start, audition_end, callback_date, callback_start_time, callback_end_time, rehearsal_start, show_open, show_close, audition_location, audition_notes, callback_location, callback_notes, performance_location, callback_contact_name, callback_contact_phone, city, state, is_promoted) VALUES ('9791dc7a-8480-1374-3906-44b1004182dd', '6206da6a-c455-ae6c-168c-c3e94b10c677', 'The 25th Annual Putnam County Spelling Bee', 'Music & Lyrics: William Finn, Book: Rachel Sheinkin', 'musical', '2026-2027', 'auditions_closed', '2026-03-28', '2026-03-29', '2026-04-02', '2026-04-02T18:00:00', '2026-04-02T21:00:00', '2026-04-21', '2026-05-29', '2026-06-07', 'NCT Main Stage, 1234 Oak Ave, Riverside', 'Prepare 16 bars of a comedic musical theatre song. Be ready for a cold read. Comedy chops are a must!', 'NCT Rehearsal Hall, 1236 Oak Ave, Riverside', 'Sides will be emailed 24 hours before callbacks. Bring your best comedic energy.', 'NCT Main Stage, 1234 Oak Ave, Riverside', 'Sarah Mitchell', '(951) 555-0101', 'Riverside', 'CA', false) ON CONFLICT (id) DO NOTHING;
INSERT INTO shows (id, org_id, title, author_info, show_type, season, status, audition_start, audition_end, callback_date, callback_start_time, callback_end_time, rehearsal_start, show_open, show_close, audition_location, audition_notes, callback_location, callback_notes, performance_location, callback_contact_name, callback_contact_phone, city, state, is_promoted) VALUES ('54205682-3e7f-5ba9-a606-b1084f6db256', '6206da6a-c455-ae6c-168c-c3e94b10c677', 'Clue', 'Based on the Paramount Pictures film, written by Jonathan Lynn. Adapted by Sandy Rustin.', 'play', '2026-2027', 'callbacks', '2026-03-14', '2026-03-15', '2026-03-19', '2026-03-19T18:30:00', '2026-03-19T21:00:00', '2026-04-14', '2026-05-22', '2026-05-31', 'NCT Main Stage, 1234 Oak Ave, Riverside', 'Cold reads from the script. Looking for actors with strong comedic timing and physical comedy skills.', 'NCT Rehearsal Hall, 1236 Oak Ave, Riverside', 'Be prepared to read multiple scenes with different scene partners. Physical comedy exercises included.', 'NCT Studio Theatre, 1240 Oak Ave, Riverside', 'David Chen', '(951) 555-0142', 'Riverside', 'CA', false) ON CONFLICT (id) DO NOTHING;
INSERT INTO shows (id, org_id, title, author_info, show_type, season, status, audition_start, audition_end, callback_date, callback_start_time, callback_end_time, rehearsal_start, show_open, show_close, audition_location, audition_notes, callback_location, callback_notes, performance_location, callback_contact_name, callback_contact_phone, city, state, is_promoted) VALUES ('a6f771af-72c2-3733-d93a-44d8ebcf4607', '6206da6a-c455-ae6c-168c-c3e94b10c677', 'Rent', 'Book, Music & Lyrics: Jonathan Larson', 'musical', '2026-2027', 'casting', '2026-02-22', '2026-02-23', '2026-02-27', '2026-02-27T18:00:00', '2026-02-27T21:00:00', '2026-04-06', '2026-05-15', '2026-05-24', 'NCT Main Stage, 1234 Oak Ave, Riverside', 'Prepare 32 bars of a contemporary rock/pop or musical theatre song. Guitar players: bring your instrument!', 'NCT Rehearsal Hall, 1236 Oak Ave, Riverside', 'Callbacks will include scene work and vocal harmonies. Be prepared to sing in small groups.', 'NCT Main Stage, 1234 Oak Ave, Riverside', 'Sarah Mitchell', '(951) 555-0101', 'Riverside', 'CA', false) ON CONFLICT (id) DO NOTHING;
INSERT INTO shows (id, org_id, title, author_info, show_type, season, status, audition_start, audition_end, callback_date, callback_start_time, callback_end_time, rehearsal_start, show_open, show_close, audition_location, audition_notes, callback_location, callback_notes, performance_location, callback_contact_name, callback_contact_phone, city, state, is_promoted) VALUES ('97b68c7e-d340-6dcb-fc39-b9acf7845587', '6206da6a-c455-ae6c-168c-c3e94b10c677', 'Noises Off', 'By Michael Frayn', 'play', '2026-2027', 'cast', '2026-01-17', '2026-01-18', '2026-01-22', '2026-01-22T18:00:00', '2026-01-22T21:00:00', '2026-02-10', '2026-03-27', '2026-04-05', 'NCT Main Stage, 1234 Oak Ave, Riverside', 'Prepare a 1-minute comedic monologue. Farce experience a plus. Physical comedy skills essential.', 'NCT Rehearsal Hall, 1236 Oak Ave, Riverside', 'Callbacks will include timed physical comedy sequences and scene reads.', 'NCT Studio Theatre, 1240 Oak Ave, Riverside', 'David Chen', '(951) 555-0142', 'Riverside', 'CA', false) ON CONFLICT (id) DO NOTHING;
INSERT INTO shows (id, org_id, title, author_info, show_type, season, status, audition_start, audition_end, callback_date, callback_start_time, callback_end_time, rehearsal_start, show_open, show_close, audition_location, audition_notes, callback_location, callback_notes, performance_location, callback_contact_name, callback_contact_phone, city, state, is_promoted) VALUES ('a8fa9d9b-c03b-425e-c62d-1d246b779f71', '6206da6a-c455-ae6c-168c-c3e94b10c677', 'Our Town', 'By Thornton Wilder', 'play', '2025-2026', 'archived', '2026-01-10', '2026-01-11', '2026-01-14', '2026-01-14T18:00:00', '2026-01-14T20:30:00', '2026-01-26', '2026-02-27', '2026-03-08', 'NCT Main Stage, 1234 Oak Ave, Riverside', 'Cold reads from the script. Looking for actors with strong emotional depth and storytelling ability.', 'NCT Main Stage, 1234 Oak Ave, Riverside', 'Callbacks will focus on ensemble chemistry and narration delivery.', 'NCT Main Stage, 1234 Oak Ave, Riverside', 'Sarah Mitchell', '(951) 555-0101', 'Riverside', 'CA', false) ON CONFLICT (id) DO NOTHING;

INSERT INTO show_roles (id, show_id, name, role_type, gender, age_range, vocal_range, description, sort_order) VALUES ('c6886089-9a07-e23f-e319-13ec7bd81030', '49336f81-4f09-3f9a-1741-9064193ce828', 'Baker', 'lead', 'male', '25-45', 'Baritone', 'A kind baker who ventures into the woods to break a family curse.', 0) ON CONFLICT (id) DO NOTHING;
INSERT INTO show_roles (id, show_id, name, role_type, gender, age_range, vocal_range, description, sort_order) VALUES ('78ffebda-98ec-02c4-4b7f-94f1294afa33', '49336f81-4f09-3f9a-1741-9064193ce828', 'Baker''s Wife', 'lead', 'female', '25-45', 'Mezzo-Soprano', 'The Baker''s determined and resourceful wife.', 1) ON CONFLICT (id) DO NOTHING;
INSERT INTO show_roles (id, show_id, name, role_type, gender, age_range, vocal_range, description, sort_order) VALUES ('b05781c9-3099-a847-ea68-11006825eddb', '49336f81-4f09-3f9a-1741-9064193ce828', 'Witch', 'lead', 'female', '30-60', 'Alto/Mezzo', 'A powerful witch who placed the curse on the Baker''s family.', 2) ON CONFLICT (id) DO NOTHING;
INSERT INTO show_roles (id, show_id, name, role_type, gender, age_range, vocal_range, description, sort_order) VALUES ('02fef336-0827-8bd0-d3c1-5a32725a381b', '49336f81-4f09-3f9a-1741-9064193ce828', 'Cinderella', 'lead', 'female', '18-30', 'Soprano', 'A young woman who wishes to attend the King''s festival.', 3) ON CONFLICT (id) DO NOTHING;
INSERT INTO show_roles (id, show_id, name, role_type, gender, age_range, vocal_range, description, sort_order) VALUES ('883e1a49-6b96-3798-c130-1d23c98cafab', '49336f81-4f09-3f9a-1741-9064193ce828', 'Jack', 'lead', 'male', '16-25', 'Tenor', 'An adventurous young man who trades his cow for magic beans.', 4) ON CONFLICT (id) DO NOTHING;
INSERT INTO show_roles (id, show_id, name, role_type, gender, age_range, vocal_range, description, sort_order) VALUES ('a4dfeb5e-2719-18e0-1036-ad277f57f3a2', '49336f81-4f09-3f9a-1741-9064193ce828', 'Little Red', 'supporting', 'female', '12-20', 'Soprano', 'A bold girl on her way to Grandmother''s house.', 5) ON CONFLICT (id) DO NOTHING;
INSERT INTO show_roles (id, show_id, name, role_type, gender, age_range, vocal_range, description, sort_order) VALUES ('7b5e9d78-0f7c-35d7-40c0-453409cef42c', '49336f81-4f09-3f9a-1741-9064193ce828', 'Narrator', 'supporting', 'any', '25-60', NULL, 'Guides the audience through the story.', 6) ON CONFLICT (id) DO NOTHING;
INSERT INTO show_roles (id, show_id, name, role_type, gender, age_range, vocal_range, description, sort_order) VALUES ('d2d54185-be1d-dc53-01a3-56c0a9f7ae84', '49336f81-4f09-3f9a-1741-9064193ce828', 'Ensemble', 'ensemble', 'any', '16+', NULL, 'Various fairy tale characters and townspeople.', 7) ON CONFLICT (id) DO NOTHING;
INSERT INTO show_roles (id, show_id, name, role_type, gender, age_range, vocal_range, description, sort_order) VALUES ('06696522-2547-41e6-3bd5-ffecb30081b9', '505b9b26-509b-9225-b3a8-f2386dd8017b', 'The Cat in the Hat', 'lead', 'any', '20-50', 'Baritone/Tenor', 'The magical, mischievous narrator who guides the audience through the story. Must be a strong singer, actor, and comedian.', 0) ON CONFLICT (id) DO NOTHING;
INSERT INTO show_roles (id, show_id, name, role_type, gender, age_range, vocal_range, description, sort_order) VALUES ('df37510e-05cd-8514-e2af-171aad7acc98', '505b9b26-509b-9225-b3a8-f2386dd8017b', 'Horton the Elephant', 'lead', 'male', '20-45', 'Baritone', 'A kind, faithful elephant who discovers the Whos. The heart of the show.', 1) ON CONFLICT (id) DO NOTHING;
INSERT INTO show_roles (id, show_id, name, role_type, gender, age_range, vocal_range, description, sort_order) VALUES ('9fe4c4ea-16fa-6a66-3272-30338997b68d', '505b9b26-509b-9225-b3a8-f2386dd8017b', 'Gertrude McFuzz', 'lead', 'female', '18-35', 'Mezzo-Soprano', 'A bird with a one-feather tail who is secretly in love with Horton.', 2) ON CONFLICT (id) DO NOTHING;
INSERT INTO show_roles (id, show_id, name, role_type, gender, age_range, vocal_range, description, sort_order) VALUES ('1e0dcda6-bec4-40a9-ddf3-091798f57989', '505b9b26-509b-9225-b3a8-f2386dd8017b', 'Mayzie La Bird', 'lead', 'female', '20-40', 'Alto/Belt', 'A glamorous, self-centered bird who abandons her egg.', 3) ON CONFLICT (id) DO NOTHING;
INSERT INTO show_roles (id, show_id, name, role_type, gender, age_range, vocal_range, description, sort_order) VALUES ('579be099-eca3-f191-9df2-9b023be4e1d4', '505b9b26-509b-9225-b3a8-f2386dd8017b', 'JoJo', 'lead', 'any', '10-16', 'Soprano/Treble', 'A young Who with a big imagination. Thinks impossible things.', 4) ON CONFLICT (id) DO NOTHING;
INSERT INTO show_roles (id, show_id, name, role_type, gender, age_range, vocal_range, description, sort_order) VALUES ('a88dbb18-ded9-bbdc-f23c-007b32a20906', '505b9b26-509b-9225-b3a8-f2386dd8017b', 'Mr. Mayor', 'supporting', 'male', '30-55', 'Tenor', 'The Mayor of Who-ville and JoJo''s father.', 5) ON CONFLICT (id) DO NOTHING;
INSERT INTO show_roles (id, show_id, name, role_type, gender, age_range, vocal_range, description, sort_order) VALUES ('49bd5ca5-4bae-e10f-c32e-118f7cbbec0d', '505b9b26-509b-9225-b3a8-f2386dd8017b', 'Mrs. Mayor', 'supporting', 'female', '30-55', 'Mezzo-Soprano', 'The Mayor''s wife who worries about JoJo''s behavior.', 6) ON CONFLICT (id) DO NOTHING;
INSERT INTO show_roles (id, show_id, name, role_type, gender, age_range, vocal_range, description, sort_order) VALUES ('a4e9e30d-5c0b-399c-b034-b7ee98595b0a', '505b9b26-509b-9225-b3a8-f2386dd8017b', 'Sour Kangaroo', 'supporting', 'female', '25-50', 'Alto/Belt', 'A skeptical kangaroo who leads the opposition against Horton.', 7) ON CONFLICT (id) DO NOTHING;
INSERT INTO show_roles (id, show_id, name, role_type, gender, age_range, vocal_range, description, sort_order) VALUES ('73c9cb47-4cec-ae77-01f9-474be61e4ab4', '505b9b26-509b-9225-b3a8-f2386dd8017b', 'Young Kangaroo', 'supporting', 'any', '8-14', 'Treble', 'Sour Kangaroo''s child who rides in her pouch.', 8) ON CONFLICT (id) DO NOTHING;
INSERT INTO show_roles (id, show_id, name, role_type, gender, age_range, vocal_range, description, sort_order) VALUES ('2730b152-1525-1e38-44b0-d6df4795352b', '505b9b26-509b-9225-b3a8-f2386dd8017b', 'The Grinch', 'featured_ensemble', 'any', '20-50', NULL, 'Cameo appearance. Iconic Seuss villain.', 9) ON CONFLICT (id) DO NOTHING;
INSERT INTO show_roles (id, show_id, name, role_type, gender, age_range, vocal_range, description, sort_order) VALUES ('e2a9806e-03fa-7bfb-7bdd-37c0f1c1eb31', '505b9b26-509b-9225-b3a8-f2386dd8017b', 'Thing 1', 'featured_ensemble', 'any', '14-30', NULL, 'The Cat''s chaotic sidekick.', 10) ON CONFLICT (id) DO NOTHING;
INSERT INTO show_roles (id, show_id, name, role_type, gender, age_range, vocal_range, description, sort_order) VALUES ('6ded4b11-0c8c-f409-bc49-1c3726ccc9d9', '505b9b26-509b-9225-b3a8-f2386dd8017b', 'Thing 2', 'featured_ensemble', 'any', '14-30', NULL, 'The Cat''s other chaotic sidekick.', 11) ON CONFLICT (id) DO NOTHING;
INSERT INTO show_roles (id, show_id, name, role_type, gender, age_range, vocal_range, description, sort_order) VALUES ('e5412937-93b7-82ff-36d9-8ce61faa2abe', '505b9b26-509b-9225-b3a8-f2386dd8017b', 'Ensemble', 'ensemble', 'any', 'All ages', NULL, 'Whos, Jungle Animals, Fish, Birds, Cadets. Large ensemble with many featured moments.', 12) ON CONFLICT (id) DO NOTHING;
INSERT INTO show_roles (id, show_id, name, role_type, gender, age_range, vocal_range, description, sort_order) VALUES ('cbae83dd-753f-c610-4aec-a79d41b573f6', 'ff3012c1-297e-5371-1766-3f01d995a760', 'Seymour', 'lead', 'male', '20-35', 'Tenor', 'A nerdy, lovable floral shop worker who discovers a strange plant.', 0) ON CONFLICT (id) DO NOTHING;
INSERT INTO show_roles (id, show_id, name, role_type, gender, age_range, vocal_range, description, sort_order) VALUES ('9a9c59ec-b350-dc24-f993-28d706658359', 'ff3012c1-297e-5371-1766-3f01d995a760', 'Audrey', 'lead', 'female', '20-35', 'Soprano', 'Seymour''s coworker and love interest with a heart of gold.', 1) ON CONFLICT (id) DO NOTHING;
INSERT INTO show_roles (id, show_id, name, role_type, gender, age_range, vocal_range, description, sort_order) VALUES ('101a1f8d-fdf3-0876-8af8-0e68d590346a', 'ff3012c1-297e-5371-1766-3f01d995a760', 'Audrey II (Voice)', 'lead', 'any', 'any', 'Baritone/Bass', 'The voice of the carnivorous alien plant. Powerful R&B vocals.', 2) ON CONFLICT (id) DO NOTHING;
INSERT INTO show_roles (id, show_id, name, role_type, gender, age_range, vocal_range, description, sort_order) VALUES ('32264f53-271e-7980-7315-380751c550c0', 'ff3012c1-297e-5371-1766-3f01d995a760', 'Orin Scrivello', 'supporting', 'male', '25-45', 'Tenor', 'A sadistic dentist and Audrey''s abusive boyfriend.', 3) ON CONFLICT (id) DO NOTHING;
INSERT INTO show_roles (id, show_id, name, role_type, gender, age_range, vocal_range, description, sort_order) VALUES ('0fa07d5e-54f0-9a94-c667-39db66db143c', 'ff3012c1-297e-5371-1766-3f01d995a760', 'Mr. Mushnik', 'supporting', 'male', '40-65', 'Baritone', 'The owner of the struggling Skid Row flower shop.', 4) ON CONFLICT (id) DO NOTHING;
INSERT INTO show_roles (id, show_id, name, role_type, gender, age_range, vocal_range, description, sort_order) VALUES ('76ea4815-d2d0-17c4-fc91-24e9b2eca1bb', 'ff3012c1-297e-5371-1766-3f01d995a760', 'Crystal', 'supporting', 'female', '20-35', 'Soprano', 'One of three street urchins who serve as a Greek chorus.', 5) ON CONFLICT (id) DO NOTHING;
INSERT INTO show_roles (id, show_id, name, role_type, gender, age_range, vocal_range, description, sort_order) VALUES ('d2e86b67-c884-6cce-76fa-045563608999', 'ff3012c1-297e-5371-1766-3f01d995a760', 'Ronnette', 'supporting', 'female', '20-35', 'Mezzo-Soprano', 'One of three street urchins who serve as a Greek chorus.', 6) ON CONFLICT (id) DO NOTHING;
INSERT INTO show_roles (id, show_id, name, role_type, gender, age_range, vocal_range, description, sort_order) VALUES ('f874bd05-a4f2-7219-a6a3-7f90776bad44', 'ff3012c1-297e-5371-1766-3f01d995a760', 'Chiffon', 'supporting', 'female', '20-35', 'Alto', 'One of three street urchins who serve as a Greek chorus.', 7) ON CONFLICT (id) DO NOTHING;
INSERT INTO show_roles (id, show_id, name, role_type, gender, age_range, vocal_range, description, sort_order) VALUES ('4793a2c7-72f5-302b-4d77-d8ba88199faf', '23c25fc2-5eca-733e-84d2-2dcba9bad540', 'Danny Zuko', 'lead', 'male', '17-28', 'Tenor/Baritone', 'The cool, charismatic leader of the T-Birds who falls for Sandy.', 0) ON CONFLICT (id) DO NOTHING;
INSERT INTO show_roles (id, show_id, name, role_type, gender, age_range, vocal_range, description, sort_order) VALUES ('28cb750b-a6a2-7c48-d2d1-cd4418690bab', '23c25fc2-5eca-733e-84d2-2dcba9bad540', 'Kenickie', 'lead', 'male', '17-28', 'Baritone', 'Danny''s tough, loyal best friend. Second-in-command of the T-Birds.', 1) ON CONFLICT (id) DO NOTHING;
INSERT INTO show_roles (id, show_id, name, role_type, gender, age_range, vocal_range, description, sort_order) VALUES ('f4c554ea-abd8-0758-a904-85392b9e454e', '23c25fc2-5eca-733e-84d2-2dcba9bad540', 'Doody', 'supporting', 'male', '16-25', 'Tenor', 'The youngest T-Bird. Plays guitar and has a sweet, goofy personality.', 2) ON CONFLICT (id) DO NOTHING;
INSERT INTO show_roles (id, show_id, name, role_type, gender, age_range, vocal_range, description, sort_order) VALUES ('13a19446-3da7-a8f7-441c-4a9ad4ce611c', '23c25fc2-5eca-733e-84d2-2dcba9bad540', 'Sandy Dumbrowski', 'lead', 'female', '16-25', 'Soprano', 'A sweet, wholesome new girl who transforms by the end of the show.', 3) ON CONFLICT (id) DO NOTHING;
INSERT INTO show_roles (id, show_id, name, role_type, gender, age_range, vocal_range, description, sort_order) VALUES ('52c3836b-0df2-8217-d9d3-84192fcd682f', '23c25fc2-5eca-733e-84d2-2dcba9bad540', 'Rizzo', 'lead', 'female', '17-28', 'Alto/Belt', 'The sharp-tongued, independent leader of the Pink Ladies.', 4) ON CONFLICT (id) DO NOTHING;
INSERT INTO show_roles (id, show_id, name, role_type, gender, age_range, vocal_range, description, sort_order) VALUES ('836caf1e-9af5-9b53-c521-9e498b93e4a8', '23c25fc2-5eca-733e-84d2-2dcba9bad540', 'Frenchy', 'supporting', 'female', '16-25', 'Mezzo-Soprano', 'A Pink Lady who dreams of becoming a beautician.', 5) ON CONFLICT (id) DO NOTHING;
INSERT INTO show_roles (id, show_id, name, role_type, gender, age_range, vocal_range, description, sort_order) VALUES ('53550317-c614-362d-f6d3-edc4ea93a14d', '23c25fc2-5eca-733e-84d2-2dcba9bad540', 'Roger', 'supporting', 'male', '16-25', 'Baritone', 'A T-Bird and class clown who sings ''Mooning.''', 6) ON CONFLICT (id) DO NOTHING;
INSERT INTO show_roles (id, show_id, name, role_type, gender, age_range, vocal_range, description, sort_order) VALUES ('2037cbed-38db-3055-0247-774b27f0c8fc', '23c25fc2-5eca-733e-84d2-2dcba9bad540', 'Jan', 'supporting', 'female', '16-25', 'Mezzo-Soprano', 'A Pink Lady known for her love of junk food and quirky humor.', 7) ON CONFLICT (id) DO NOTHING;
INSERT INTO show_roles (id, show_id, name, role_type, gender, age_range, vocal_range, description, sort_order) VALUES ('6e34923e-3d11-36ec-02cd-9aa573423772', '23c25fc2-5eca-733e-84d2-2dcba9bad540', 'Teen Angel', 'featured_ensemble', 'any', '18-35', 'Tenor', 'A heavenly guide who performs ''Beauty School Dropout.''', 8) ON CONFLICT (id) DO NOTHING;
INSERT INTO show_roles (id, show_id, name, role_type, gender, age_range, vocal_range, description, sort_order) VALUES ('ad917369-acd5-6483-cd44-91539ab3e2c7', '23c25fc2-5eca-733e-84d2-2dcba9bad540', 'Ensemble', 'ensemble', 'any', '16+', NULL, 'Rydell High students, cheerleaders, greasers.', 9) ON CONFLICT (id) DO NOTHING;
INSERT INTO show_roles (id, show_id, name, role_type, gender, age_range, vocal_range, description, sort_order) VALUES ('2cd935d0-6ef4-eb87-fa9c-140e92df542f', 'df3d60da-908c-8521-b2dd-fc57caf4c51f', 'John Proctor', 'lead', 'male', '30-50', NULL, 'A farmer and the tragic hero of the story. Tormented by guilt and driven by integrity.', 0) ON CONFLICT (id) DO NOTHING;
INSERT INTO show_roles (id, show_id, name, role_type, gender, age_range, vocal_range, description, sort_order) VALUES ('a3064dff-9cf1-d1d3-b128-33fc4c27fd0b', 'df3d60da-908c-8521-b2dd-fc57caf4c51f', 'Elizabeth Proctor', 'lead', 'female', '28-45', NULL, 'John''s wife. Honest, strong, and deeply wounded by her husband''s affair.', 1) ON CONFLICT (id) DO NOTHING;
INSERT INTO show_roles (id, show_id, name, role_type, gender, age_range, vocal_range, description, sort_order) VALUES ('10ecc291-32a4-6ceb-37fb-570b78064a70', 'df3d60da-908c-8521-b2dd-fc57caf4c51f', 'Deputy Governor Danforth', 'lead', 'male', '40-65', NULL, 'The powerful, authoritarian judge presiding over the witch trials.', 2) ON CONFLICT (id) DO NOTHING;
INSERT INTO show_roles (id, show_id, name, role_type, gender, age_range, vocal_range, description, sort_order) VALUES ('d86193cf-6891-6b4b-99e9-60461f5967ea', 'df3d60da-908c-8521-b2dd-fc57caf4c51f', 'Abigail Williams', 'lead', 'female', '17-28', NULL, 'The manipulative young woman who instigates the witch hunt.', 3) ON CONFLICT (id) DO NOTHING;
INSERT INTO show_roles (id, show_id, name, role_type, gender, age_range, vocal_range, description, sort_order) VALUES ('9d649093-c87b-1098-da68-5379a27f37d1', 'df3d60da-908c-8521-b2dd-fc57caf4c51f', 'Reverend Hale', 'supporting', 'male', '30-50', NULL, 'A minister brought in to investigate witchcraft. Undergoes a moral crisis.', 4) ON CONFLICT (id) DO NOTHING;
INSERT INTO show_roles (id, show_id, name, role_type, gender, age_range, vocal_range, description, sort_order) VALUES ('ec7f1276-8531-c838-5e13-ab3d4b8f10f4', 'df3d60da-908c-8521-b2dd-fc57caf4c51f', 'Reverend Parris', 'supporting', 'male', '35-55', NULL, 'The insecure, self-serving minister of Salem.', 5) ON CONFLICT (id) DO NOTHING;
INSERT INTO show_roles (id, show_id, name, role_type, gender, age_range, vocal_range, description, sort_order) VALUES ('082a3fca-e9ec-df02-246c-682de68cf0cf', 'df3d60da-908c-8521-b2dd-fc57caf4c51f', 'Mary Warren', 'supporting', 'female', '16-25', NULL, 'The Proctors'' servant. Timid and easily manipulated.', 6) ON CONFLICT (id) DO NOTHING;
INSERT INTO show_roles (id, show_id, name, role_type, gender, age_range, vocal_range, description, sort_order) VALUES ('9171cc34-3402-312a-bb80-f56b02b2913d', 'df3d60da-908c-8521-b2dd-fc57caf4c51f', 'Ensemble', 'ensemble', 'any', '16+', NULL, 'Townspeople, accusers, judges, and other Salem residents.', 7) ON CONFLICT (id) DO NOTHING;
INSERT INTO show_roles (id, show_id, name, role_type, gender, age_range, vocal_range, description, sort_order) VALUES ('bd5ae205-c428-c615-59f0-fe622fb2f2e4', 'ae99140d-3b32-c94e-7b36-084b009ef919', 'M''Lynn', 'lead', 'female', '40-55', NULL, 'Shelby''s overprotective but loving mother. The emotional core of the play.', 0) ON CONFLICT (id) DO NOTHING;
INSERT INTO show_roles (id, show_id, name, role_type, gender, age_range, vocal_range, description, sort_order) VALUES ('2506e226-226a-48cd-e88b-c78027d93c64', 'ae99140d-3b32-c94e-7b36-084b009ef919', 'Shelby', 'lead', 'female', '20-30', NULL, 'M''Lynn''s spirited, determined daughter. Diabetic but refuses to let illness define her.', 1) ON CONFLICT (id) DO NOTHING;
INSERT INTO show_roles (id, show_id, name, role_type, gender, age_range, vocal_range, description, sort_order) VALUES ('5d00ccca-8697-26e4-d570-d927062838f7', 'ae99140d-3b32-c94e-7b36-084b009ef919', 'Truvy', 'lead', 'female', '35-50', NULL, 'The warm, chatty owner of the beauty salon where the women gather.', 2) ON CONFLICT (id) DO NOTHING;
INSERT INTO show_roles (id, show_id, name, role_type, gender, age_range, vocal_range, description, sort_order) VALUES ('7b82285d-97a2-9199-5101-c457fa63d808', 'ae99140d-3b32-c94e-7b36-084b009ef919', 'Ouiser', 'supporting', 'female', '50-70', NULL, 'The cantankerous, sharp-tongued local curmudgeon with a heart of gold.', 3) ON CONFLICT (id) DO NOTHING;
INSERT INTO show_roles (id, show_id, name, role_type, gender, age_range, vocal_range, description, sort_order) VALUES ('f5b2ce0c-efc9-2a7f-7f3d-8fcf7c741c74', 'ae99140d-3b32-c94e-7b36-084b009ef919', 'Clairee', 'supporting', 'female', '50-70', NULL, 'The former mayor''s wife. Witty, elegant, and Ouiser''s sparring partner.', 4) ON CONFLICT (id) DO NOTHING;
INSERT INTO show_roles (id, show_id, name, role_type, gender, age_range, vocal_range, description, sort_order) VALUES ('8aaadb89-fbd7-44f7-7f42-cf7d2b76072b', 'ae99140d-3b32-c94e-7b36-084b009ef919', 'Annelle', 'supporting', 'female', '18-28', NULL, 'The new, shy beautician at Truvy''s salon who finds her confidence.', 5) ON CONFLICT (id) DO NOTHING;
INSERT INTO show_roles (id, show_id, name, role_type, gender, age_range, vocal_range, description, sort_order) VALUES ('ee393936-1744-7188-e1c2-d7a84e3a4fc0', '22f19709-3311-40b0-7db7-82f979e7f676', 'Melchior', 'lead', 'male', '16-25', 'Tenor/Baritone', 'A brilliant, rebellious student who questions authority and societal norms.', 0) ON CONFLICT (id) DO NOTHING;
INSERT INTO show_roles (id, show_id, name, role_type, gender, age_range, vocal_range, description, sort_order) VALUES ('bd12dca0-5966-fd9d-7b47-f6b6580551c0', '22f19709-3311-40b0-7db7-82f979e7f676', 'Wendla', 'lead', 'female', '14-22', 'Soprano', 'A curious, innocent young woman coming of age in a repressive society.', 1) ON CONFLICT (id) DO NOTHING;
INSERT INTO show_roles (id, show_id, name, role_type, gender, age_range, vocal_range, description, sort_order) VALUES ('d4fa2e6f-2d9e-2d8c-0ba8-c89aac80ee06', '22f19709-3311-40b0-7db7-82f979e7f676', 'Moritz', 'lead', 'male', '16-25', 'Tenor', 'Melchior''s anxious, troubled best friend who struggles with academic pressure.', 2) ON CONFLICT (id) DO NOTHING;
INSERT INTO show_roles (id, show_id, name, role_type, gender, age_range, vocal_range, description, sort_order) VALUES ('6dafdc98-d84a-1ba9-be44-9e98c51f255e', '22f19709-3311-40b0-7db7-82f979e7f676', 'Ilse', 'supporting', 'female', '16-24', 'Soprano/Belt', 'A free-spirited young woman who has left home and lives as a bohemian artist.', 3) ON CONFLICT (id) DO NOTHING;
INSERT INTO show_roles (id, show_id, name, role_type, gender, age_range, vocal_range, description, sort_order) VALUES ('9a4b527b-9eed-f289-a319-851c91370bde', '22f19709-3311-40b0-7db7-82f979e7f676', 'Hanschen', 'supporting', 'male', '16-25', 'Baritone', 'A confident, charismatic student who pursues Ernst.', 4) ON CONFLICT (id) DO NOTHING;
INSERT INTO show_roles (id, show_id, name, role_type, gender, age_range, vocal_range, description, sort_order) VALUES ('ce0d2818-2505-31e8-d50f-efc5a8d5af32', '22f19709-3311-40b0-7db7-82f979e7f676', 'Ernst', 'supporting', 'male', '16-25', 'Tenor', 'A gentle, earnest student who falls in love with Hanschen.', 5) ON CONFLICT (id) DO NOTHING;
INSERT INTO show_roles (id, show_id, name, role_type, gender, age_range, vocal_range, description, sort_order) VALUES ('cba0058e-a216-0d00-8960-ee0d47e710ec', '22f19709-3311-40b0-7db7-82f979e7f676', 'Martha', 'supporting', 'female', '14-22', 'Mezzo-Soprano', 'One of Wendla''s friends, hiding a dark secret about her home life.', 6) ON CONFLICT (id) DO NOTHING;
INSERT INTO show_roles (id, show_id, name, role_type, gender, age_range, vocal_range, description, sort_order) VALUES ('1b0dc447-7364-dc1e-97bb-7dea2b68104f', '22f19709-3311-40b0-7db7-82f979e7f676', 'Adult Women', 'supporting', 'female', '35-60', 'Mezzo-Soprano', 'Plays multiple adult female roles including Wendla''s mother and other authority figures.', 7) ON CONFLICT (id) DO NOTHING;
INSERT INTO show_roles (id, show_id, name, role_type, gender, age_range, vocal_range, description, sort_order) VALUES ('404b24c4-5e10-02df-fd67-94d29df9a73f', '22f19709-3311-40b0-7db7-82f979e7f676', 'Ensemble', 'ensemble', 'any', '16-25', NULL, 'Students, townspeople, and other young characters.', 8) ON CONFLICT (id) DO NOTHING;
INSERT INTO show_roles (id, show_id, name, role_type, gender, age_range, vocal_range, description, sort_order) VALUES ('6c08fee2-b2a6-8176-0d27-c1bf15da4405', '8ff79934-6092-6787-1a97-335538551da3', 'Walter Lee Younger', 'lead', 'male', '30-45', NULL, 'A chauffeur and dreamer who wants to invest in a liquor store to lift his family out of poverty.', 0) ON CONFLICT (id) DO NOTHING;
INSERT INTO show_roles (id, show_id, name, role_type, gender, age_range, vocal_range, description, sort_order) VALUES ('f2e0601c-63d9-d9f4-0eee-9d0584196f13', '8ff79934-6092-6787-1a97-335538551da3', 'Lena Younger (Mama)', 'lead', 'female', '50-70', NULL, 'The matriarch of the family. Strong, faithful, and determined to do right by her children.', 1) ON CONFLICT (id) DO NOTHING;
INSERT INTO show_roles (id, show_id, name, role_type, gender, age_range, vocal_range, description, sort_order) VALUES ('3eae7dc0-794d-5e75-06b4-56b92fe995e1', '8ff79934-6092-6787-1a97-335538551da3', 'Beneatha Younger', 'lead', 'female', '18-28', NULL, 'Walter''s college-educated sister who aspires to become a doctor.', 2) ON CONFLICT (id) DO NOTHING;
INSERT INTO show_roles (id, show_id, name, role_type, gender, age_range, vocal_range, description, sort_order) VALUES ('723e6833-02dd-8390-2e0a-c39f408f6de6', '8ff79934-6092-6787-1a97-335538551da3', 'Ruth Younger', 'supporting', 'female', '28-40', NULL, 'Walter''s wife. Practical, tired, and quietly strong.', 3) ON CONFLICT (id) DO NOTHING;
INSERT INTO show_roles (id, show_id, name, role_type, gender, age_range, vocal_range, description, sort_order) VALUES ('330b54e7-9838-c304-b4ff-d30d4e19ef77', '8ff79934-6092-6787-1a97-335538551da3', 'Joseph Asagai', 'supporting', 'male', '20-35', NULL, 'A Nigerian student and Beneatha''s suitor who represents African identity.', 4) ON CONFLICT (id) DO NOTHING;
INSERT INTO show_roles (id, show_id, name, role_type, gender, age_range, vocal_range, description, sort_order) VALUES ('feaf3423-4fb5-7b47-2627-bc8925ddb4dd', '8ff79934-6092-6787-1a97-335538551da3', 'Karl Lindner', 'supporting', 'male', '40-60', NULL, 'A representative from the white neighborhood association. Polite but threatening.', 5) ON CONFLICT (id) DO NOTHING;
INSERT INTO show_roles (id, show_id, name, role_type, gender, age_range, vocal_range, description, sort_order) VALUES ('5beb69b8-f689-91e0-c65d-a24774543698', '9791dc7a-8480-1374-3906-44b1004182dd', 'Chip Tolentino', 'lead', 'male', '18-30', 'Tenor', 'The returning champion. Confident, athletic, and distracted by puberty.', 0) ON CONFLICT (id) DO NOTHING;
INSERT INTO show_roles (id, show_id, name, role_type, gender, age_range, vocal_range, description, sort_order) VALUES ('bf1e0069-fc5b-666c-ba9f-cc7f0c3843fb', '9791dc7a-8480-1374-3906-44b1004182dd', 'Logainne SchwartzandGrubenierre', 'lead', 'female', '16-28', 'Soprano', 'An overachieving political activist with two dads and a lisp.', 1) ON CONFLICT (id) DO NOTHING;
INSERT INTO show_roles (id, show_id, name, role_type, gender, age_range, vocal_range, description, sort_order) VALUES ('3d913e9a-5840-0322-f565-ee20ed685c4f', '9791dc7a-8480-1374-3906-44b1004182dd', 'Leaf Coneybear', 'lead', 'male', '16-28', 'Tenor', 'A homeschooled oddball who made it to the bee on a technicality.', 2) ON CONFLICT (id) DO NOTHING;
INSERT INTO show_roles (id, show_id, name, role_type, gender, age_range, vocal_range, description, sort_order) VALUES ('c2945bde-93ae-a467-acbc-34a1ad65c2ea', '9791dc7a-8480-1374-3906-44b1004182dd', 'William Barfee', 'lead', 'male', '18-35', 'Baritone', 'An allergic genius who spells words with his ''Magic Foot.''', 3) ON CONFLICT (id) DO NOTHING;
INSERT INTO show_roles (id, show_id, name, role_type, gender, age_range, vocal_range, description, sort_order) VALUES ('8eb3af2d-8605-6301-ba48-672923aa337c', '9791dc7a-8480-1374-3906-44b1004182dd', 'Marcy Park', 'lead', 'female', '16-28', 'Mezzo-Soprano', 'A hyper-competent overachiever who is sick of winning.', 4) ON CONFLICT (id) DO NOTHING;
INSERT INTO show_roles (id, show_id, name, role_type, gender, age_range, vocal_range, description, sort_order) VALUES ('6c548e9b-7cb2-02a6-1270-e53d56cc3eee', '9791dc7a-8480-1374-3906-44b1004182dd', 'Olive Ostrovsky', 'lead', 'female', '16-28', 'Soprano', 'A sweet, lonely girl whose parents didn''t come to the bee.', 5) ON CONFLICT (id) DO NOTHING;
INSERT INTO show_roles (id, show_id, name, role_type, gender, age_range, vocal_range, description, sort_order) VALUES ('bb724808-3d95-7657-5f5a-f746e1bddd69', '9791dc7a-8480-1374-3906-44b1004182dd', 'Rona Lisa Peretti', 'supporting', 'female', '30-50', 'Mezzo-Soprano', 'The bee''s host and a former champion herself. Warm and nostalgic.', 6) ON CONFLICT (id) DO NOTHING;
INSERT INTO show_roles (id, show_id, name, role_type, gender, age_range, vocal_range, description, sort_order) VALUES ('18889bf2-744f-d714-8142-e1012372f1cd', '9791dc7a-8480-1374-3906-44b1004182dd', 'Vice Principal Panch', 'supporting', 'male', '30-55', 'Baritone', 'The word pronouncer with a dark past and a short fuse.', 7) ON CONFLICT (id) DO NOTHING;
INSERT INTO show_roles (id, show_id, name, role_type, gender, age_range, vocal_range, description, sort_order) VALUES ('065a88e6-b2ba-30c9-70fd-786041cfc40f', '54205682-3e7f-5ba9-a606-b1084f6db256', 'Wadsworth', 'lead', 'male', '30-55', NULL, 'The butler. Master of ceremonies, quick-witted, and hiding more than he reveals.', 0) ON CONFLICT (id) DO NOTHING;
INSERT INTO show_roles (id, show_id, name, role_type, gender, age_range, vocal_range, description, sort_order) VALUES ('e6f6199c-6b23-0079-1908-e5b181dfaaaf', '54205682-3e7f-5ba9-a606-b1084f6db256', 'Mrs. White', 'lead', 'female', '30-55', NULL, 'A mysterious widow with a dark sense of humor. ''Flames... on the side of my face.''', 1) ON CONFLICT (id) DO NOTHING;
INSERT INTO show_roles (id, show_id, name, role_type, gender, age_range, vocal_range, description, sort_order) VALUES ('4ad6eee7-a2f9-043d-8a54-7693a8698c39', '54205682-3e7f-5ba9-a606-b1084f6db256', 'Colonel Mustard', 'lead', 'male', '35-60', NULL, 'A bumbling military man who isn''t as sharp as he thinks he is.', 2) ON CONFLICT (id) DO NOTHING;
INSERT INTO show_roles (id, show_id, name, role_type, gender, age_range, vocal_range, description, sort_order) VALUES ('60c87d1e-2cba-21ec-95d1-48ff6cfbfb78', '54205682-3e7f-5ba9-a606-b1084f6db256', 'Mrs. Peacock', 'lead', 'female', '40-65', NULL, 'A senator''s wife. Prim, proper, and perpetually scandalized.', 3) ON CONFLICT (id) DO NOTHING;
INSERT INTO show_roles (id, show_id, name, role_type, gender, age_range, vocal_range, description, sort_order) VALUES ('3085ff56-cfc3-9ae1-f2e0-627e14eff02b', '54205682-3e7f-5ba9-a606-b1084f6db256', 'Professor Plum', 'lead', 'male', '30-50', NULL, 'An absent-minded academic with questionable ethics.', 4) ON CONFLICT (id) DO NOTHING;
INSERT INTO show_roles (id, show_id, name, role_type, gender, age_range, vocal_range, description, sort_order) VALUES ('2c9b06d6-08cd-0cf3-5c70-aef7331fd746', '54205682-3e7f-5ba9-a606-b1084f6db256', 'Miss Scarlet', 'lead', 'female', '25-40', NULL, 'A sharp, seductive businesswoman who always has an angle.', 5) ON CONFLICT (id) DO NOTHING;
INSERT INTO show_roles (id, show_id, name, role_type, gender, age_range, vocal_range, description, sort_order) VALUES ('0a2fb15b-da6c-c6f1-fa1d-2aa1e72db000', '54205682-3e7f-5ba9-a606-b1084f6db256', 'Mr. Green', 'lead', 'male', '25-45', NULL, 'A nervous, fidgety guest with a secret he''s desperate to protect.', 6) ON CONFLICT (id) DO NOTHING;
INSERT INTO show_roles (id, show_id, name, role_type, gender, age_range, vocal_range, description, sort_order) VALUES ('fab14a90-0760-aa35-6551-bb6a8ead5c41', '54205682-3e7f-5ba9-a606-b1084f6db256', 'Yvette', 'supporting', 'female', '20-35', NULL, 'The French maid. Flirtatious, dramatic, and knows more than she lets on.', 7) ON CONFLICT (id) DO NOTHING;
INSERT INTO show_roles (id, show_id, name, role_type, gender, age_range, vocal_range, description, sort_order) VALUES ('4e9a75e7-1bd5-9591-6e42-a59deb61c50d', 'a6f771af-72c2-3733-d93a-44d8ebcf4607', 'Roger Davis', 'lead', 'male', '20-35', 'Tenor', 'A brooding songwriter struggling to write one great song before he dies.', 0) ON CONFLICT (id) DO NOTHING;
INSERT INTO show_roles (id, show_id, name, role_type, gender, age_range, vocal_range, description, sort_order) VALUES ('6b92d2ab-2540-3763-6ef4-a27d0df9a765', 'a6f771af-72c2-3733-d93a-44d8ebcf4607', 'Mimi Marquez', 'lead', 'female', '18-30', 'Soprano/Belt', 'A dancer at the Cat Scratch Club. Passionate, reckless, and full of life.', 1) ON CONFLICT (id) DO NOTHING;
INSERT INTO show_roles (id, show_id, name, role_type, gender, age_range, vocal_range, description, sort_order) VALUES ('7558d938-9821-b4ed-5c79-1e90d8b9caa0', 'a6f771af-72c2-3733-d93a-44d8ebcf4607', 'Mark Cohen', 'lead', 'male', '20-35', 'Tenor', 'A filmmaker and narrator. Roger''s roommate and the group''s chronicler.', 2) ON CONFLICT (id) DO NOTHING;
INSERT INTO show_roles (id, show_id, name, role_type, gender, age_range, vocal_range, description, sort_order) VALUES ('e25a02e3-0fe5-68c9-56cf-ece48a77e0c2', 'a6f771af-72c2-3733-d93a-44d8ebcf4607', 'Maureen Johnson', 'lead', 'female', '20-35', 'Soprano/Belt', 'A dramatic, attention-seeking performance artist. Mark''s ex.', 3) ON CONFLICT (id) DO NOTHING;
INSERT INTO show_roles (id, show_id, name, role_type, gender, age_range, vocal_range, description, sort_order) VALUES ('3df1f07a-4857-46d2-79ca-060cef3a062e', 'a6f771af-72c2-3733-d93a-44d8ebcf4607', 'Joanne Jefferson', 'lead', 'female', '22-38', 'Mezzo-Soprano', 'A Harvard-educated lawyer and Maureen''s partner. Grounded and no-nonsense.', 4) ON CONFLICT (id) DO NOTHING;
INSERT INTO show_roles (id, show_id, name, role_type, gender, age_range, vocal_range, description, sort_order) VALUES ('855b87d4-cd41-c38d-3712-a73e004581fa', 'a6f771af-72c2-3733-d93a-44d8ebcf4607', 'Angel Dumott Schunard', 'lead', 'any', '18-30', 'Tenor/Alto', 'A joyful, generous drag performer and street drummer. The heart of the group.', 5) ON CONFLICT (id) DO NOTHING;
INSERT INTO show_roles (id, show_id, name, role_type, gender, age_range, vocal_range, description, sort_order) VALUES ('3f941f23-d09c-64fb-3393-21840a1e8f3e', 'a6f771af-72c2-3733-d93a-44d8ebcf4607', 'Tom Collins', 'lead', 'male', '22-40', 'Bass-Baritone', 'A philosophy professor and anarchist. Angel''s partner.', 6) ON CONFLICT (id) DO NOTHING;
INSERT INTO show_roles (id, show_id, name, role_type, gender, age_range, vocal_range, description, sort_order) VALUES ('694b38cc-4149-9888-d718-0d42857dd50b', 'a6f771af-72c2-3733-d93a-44d8ebcf4607', 'Benjamin Coffin III', 'supporting', 'male', '25-40', 'Baritone', 'The former friend turned landlord. Caught between loyalty and ambition.', 7) ON CONFLICT (id) DO NOTHING;
INSERT INTO show_roles (id, show_id, name, role_type, gender, age_range, vocal_range, description, sort_order) VALUES ('0644d776-da25-4682-5eb5-a00370d2eb2e', 'a6f771af-72c2-3733-d93a-44d8ebcf4607', 'Ensemble', 'ensemble', 'any', '18+', NULL, 'Homeless people, bohemians, police, and other New Yorkers.', 8) ON CONFLICT (id) DO NOTHING;
INSERT INTO show_roles (id, show_id, name, role_type, gender, age_range, vocal_range, description, sort_order) VALUES ('21c4ef34-be9b-5570-67fd-d1bdc02fa0c5', '97b68c7e-d340-6dcb-fc39-b9acf7845587', 'Dotty Otley / Mrs. Clackett', 'lead', 'female', '40-60', NULL, 'The lead actress of the play-within-a-play. Forgetful, warm, and hilariously unflappable.', 0) ON CONFLICT (id) DO NOTHING;
INSERT INTO show_roles (id, show_id, name, role_type, gender, age_range, vocal_range, description, sort_order) VALUES ('62df353f-88d6-acc8-56dc-34563f8a9a0c', '97b68c7e-d340-6dcb-fc39-b9acf7845587', 'Lloyd Dallas', 'lead', 'male', '30-50', NULL, 'The increasingly desperate director. Sarcastic, charming, and barely holding it together.', 1) ON CONFLICT (id) DO NOTHING;
INSERT INTO show_roles (id, show_id, name, role_type, gender, age_range, vocal_range, description, sort_order) VALUES ('934cfc1f-5f98-6879-d9fa-a92cdb1193bf', '97b68c7e-d340-6dcb-fc39-b9acf7845587', 'Garry Lejeune / Roger', 'lead', 'male', '25-40', NULL, 'The handsome leading man. Vain, jealous, and prone to violent outbursts with a newspaper.', 2) ON CONFLICT (id) DO NOTHING;
INSERT INTO show_roles (id, show_id, name, role_type, gender, age_range, vocal_range, description, sort_order) VALUES ('c65ba9d8-e286-27e3-df81-8d6ac892fff7', '97b68c7e-d340-6dcb-fc39-b9acf7845587', 'Brooke Ashton / Vicki', 'lead', 'female', '20-30', NULL, 'A beautiful but dim ingenue who can never find her contact lenses.', 3) ON CONFLICT (id) DO NOTHING;
INSERT INTO show_roles (id, show_id, name, role_type, gender, age_range, vocal_range, description, sort_order) VALUES ('803e4a0b-95e1-9d12-b84b-5c197a8c788b', '97b68c7e-d340-6dcb-fc39-b9acf7845587', 'Frederick Fellowes / Philip', 'supporting', 'male', '35-55', NULL, 'A gentle, accident-prone actor who can''t handle confrontation.', 4) ON CONFLICT (id) DO NOTHING;
INSERT INTO show_roles (id, show_id, name, role_type, gender, age_range, vocal_range, description, sort_order) VALUES ('9b139285-2ebb-97ca-a887-ae680c46ffb7', '97b68c7e-d340-6dcb-fc39-b9acf7845587', 'Belinda Blair / Flavia', 'supporting', 'female', '30-45', NULL, 'The peacemaker of the company. Sensible, gossipy, and always smoothing things over.', 5) ON CONFLICT (id) DO NOTHING;
INSERT INTO show_roles (id, show_id, name, role_type, gender, age_range, vocal_range, description, sort_order) VALUES ('25cce4bc-da8d-9b3f-27c4-79075d911431', '97b68c7e-d340-6dcb-fc39-b9acf7845587', 'Tim Allgood', 'supporting', 'male', '20-35', NULL, 'The overworked, underpaid stage manager. Tries to keep everything from falling apart.', 6) ON CONFLICT (id) DO NOTHING;
INSERT INTO show_roles (id, show_id, name, role_type, gender, age_range, vocal_range, description, sort_order) VALUES ('55e40e5b-2656-2d1e-1c5f-347d2fa4df50', '97b68c7e-d340-6dcb-fc39-b9acf7845587', 'Poppy Norton-Taylor', 'supporting', 'female', '20-35', NULL, 'The assistant stage manager. Anxious, emotional, and secretly involved with Lloyd.', 7) ON CONFLICT (id) DO NOTHING;
INSERT INTO show_roles (id, show_id, name, role_type, gender, age_range, vocal_range, description, sort_order) VALUES ('6640a5ae-1c49-2a99-404a-2462eb4ebbe1', '97b68c7e-d340-6dcb-fc39-b9acf7845587', 'Selsdon Mowbray', 'supporting', 'male', '55-75', NULL, 'An elderly actor with a drinking problem who keeps missing his cues.', 8) ON CONFLICT (id) DO NOTHING;
INSERT INTO show_roles (id, show_id, name, role_type, gender, age_range, vocal_range, description, sort_order) VALUES ('1a461fd5-240a-5265-76d4-ba933c1c636d', 'a8fa9d9b-c03b-425e-c62d-1d246b779f71', 'Stage Manager', 'lead', 'any', '30-65', NULL, 'The narrator and guide. Breaks the fourth wall and controls the flow of the play.', 0) ON CONFLICT (id) DO NOTHING;
INSERT INTO show_roles (id, show_id, name, role_type, gender, age_range, vocal_range, description, sort_order) VALUES ('ef15213d-c154-a4b1-2c5f-ad878e997df8', 'a8fa9d9b-c03b-425e-c62d-1d246b779f71', 'Emily Webb', 'lead', 'female', '16-25', NULL, 'A bright, passionate young woman who falls in love with George.', 1) ON CONFLICT (id) DO NOTHING;
INSERT INTO show_roles (id, show_id, name, role_type, gender, age_range, vocal_range, description, sort_order) VALUES ('8c05ae7d-9efc-947b-f866-c376dbaa5d85', 'a8fa9d9b-c03b-425e-c62d-1d246b779f71', 'George Gibbs', 'lead', 'male', '16-25', NULL, 'A good-hearted young man who dreams of being a farmer.', 2) ON CONFLICT (id) DO NOTHING;
INSERT INTO show_roles (id, show_id, name, role_type, gender, age_range, vocal_range, description, sort_order) VALUES ('76212833-3b7e-a201-f653-4bc1653f24f4', 'a8fa9d9b-c03b-425e-c62d-1d246b779f71', 'Dr. Gibbs', 'supporting', 'male', '40-60', NULL, 'George''s father. The town doctor — kind, steady, and understated.', 3) ON CONFLICT (id) DO NOTHING;
INSERT INTO show_roles (id, show_id, name, role_type, gender, age_range, vocal_range, description, sort_order) VALUES ('fd785571-8b6a-e396-1e28-f996bcd0bfb0', 'a8fa9d9b-c03b-425e-c62d-1d246b779f71', 'Mrs. Gibbs', 'supporting', 'female', '35-55', NULL, 'George''s mother. A devoted homemaker who dreams of traveling to Paris.', 4) ON CONFLICT (id) DO NOTHING;
INSERT INTO show_roles (id, show_id, name, role_type, gender, age_range, vocal_range, description, sort_order) VALUES ('ab49c900-d5ff-ca85-1888-9756cd0503ae', 'a8fa9d9b-c03b-425e-c62d-1d246b779f71', 'Mr. Webb', 'supporting', 'male', '40-60', NULL, 'Emily''s father and the local newspaper editor.', 5) ON CONFLICT (id) DO NOTHING;
INSERT INTO show_roles (id, show_id, name, role_type, gender, age_range, vocal_range, description, sort_order) VALUES ('f55ed8e0-fbee-bd41-283d-e3eb56089b32', 'a8fa9d9b-c03b-425e-c62d-1d246b779f71', 'Mrs. Webb', 'supporting', 'female', '35-55', NULL, 'Emily''s mother. Practical, loving, and quietly wise.', 6) ON CONFLICT (id) DO NOTHING;
INSERT INTO show_roles (id, show_id, name, role_type, gender, age_range, vocal_range, description, sort_order) VALUES ('af2c8edd-953d-895d-fdbd-c0a0e7a42f79', 'a8fa9d9b-c03b-425e-c62d-1d246b779f71', 'Simon Stimson', 'supporting', 'male', '30-55', NULL, 'The town choirmaster and organist. Bitter, alcoholic, and tragically misunderstood.', 7) ON CONFLICT (id) DO NOTHING;

INSERT INTO audition_groups (id, show_id, name, start_time, end_time, slot_count, sort_order) VALUES ('79cbd087-472c-8e4b-8762-6e84abd41d4d', '49336f81-4f09-3f9a-1741-9064193ce828', 'Group 1', '2026-04-14T18:00:00', '2026-04-14T18:30:00', 5, 0) ON CONFLICT (id) DO NOTHING;
INSERT INTO audition_groups (id, show_id, name, start_time, end_time, slot_count, sort_order) VALUES ('140c473e-44f9-5ebc-1da6-91fdf0736115', '49336f81-4f09-3f9a-1741-9064193ce828', 'Group 2', '2026-04-14T18:30:00', '2026-04-14T19:00:00', 5, 1) ON CONFLICT (id) DO NOTHING;
INSERT INTO audition_groups (id, show_id, name, start_time, end_time, slot_count, sort_order) VALUES ('07bb2163-4a61-7dc6-e003-a220184a9010', '49336f81-4f09-3f9a-1741-9064193ce828', 'Group 3', '2026-04-14T19:10:00', '2026-04-14T19:40:00', 4, 2) ON CONFLICT (id) DO NOTHING;
INSERT INTO audition_groups (id, show_id, name, start_time, end_time, slot_count, sort_order) VALUES ('2e3f815b-4025-9917-ecc9-da9562452cc4', '49336f81-4f09-3f9a-1741-9064193ce828', 'Group 4', '2026-04-14T19:40:00', '2026-04-14T20:10:00', 6, 3) ON CONFLICT (id) DO NOTHING;
INSERT INTO audition_groups (id, show_id, name, start_time, end_time, slot_count, sort_order) VALUES ('573fad45-e2f3-674e-fc09-a790fe86e0a5', '505b9b26-509b-9225-b3a8-f2386dd8017b', 'Sunday 2:00 PM', '2026-08-10T14:00:00', '2026-08-10T14:30:00', 6, 0) ON CONFLICT (id) DO NOTHING;
INSERT INTO audition_groups (id, show_id, name, start_time, end_time, slot_count, sort_order) VALUES ('08c34391-9ae4-ea1f-c522-c8528918907e', '505b9b26-509b-9225-b3a8-f2386dd8017b', 'Sunday 2:30 PM', '2026-08-10T14:30:00', '2026-08-10T15:00:00', 6, 1) ON CONFLICT (id) DO NOTHING;
INSERT INTO audition_groups (id, show_id, name, start_time, end_time, slot_count, sort_order) VALUES ('2ee5a7f2-d513-4fd6-88c9-c8dd192c1b0f', '505b9b26-509b-9225-b3a8-f2386dd8017b', 'Sunday 3:00 PM', '2026-08-10T15:00:00', '2026-08-10T15:30:00', 6, 2) ON CONFLICT (id) DO NOTHING;
INSERT INTO audition_groups (id, show_id, name, start_time, end_time, slot_count, sort_order) VALUES ('46d2a39b-956d-5635-b497-3668bea31a7d', '505b9b26-509b-9225-b3a8-f2386dd8017b', 'Monday 6:00 PM', '2026-08-11T18:00:00', '2026-08-11T18:30:00', 6, 3) ON CONFLICT (id) DO NOTHING;
INSERT INTO audition_groups (id, show_id, name, start_time, end_time, slot_count, sort_order) VALUES ('9d054aae-0e1a-f061-ccb1-2656327da72e', '505b9b26-509b-9225-b3a8-f2386dd8017b', 'Monday 6:30 PM', '2026-08-11T18:30:00', '2026-08-11T19:00:00', 6, 4) ON CONFLICT (id) DO NOTHING;
INSERT INTO audition_groups (id, show_id, name, start_time, end_time, slot_count, sort_order) VALUES ('587dd60e-3d16-dc70-dab4-d799247a5916', '505b9b26-509b-9225-b3a8-f2386dd8017b', 'Monday 7:00 PM', '2026-08-11T19:00:00', '2026-08-11T19:30:00', 6, 5) ON CONFLICT (id) DO NOTHING;
INSERT INTO audition_groups (id, show_id, name, start_time, end_time, slot_count, sort_order) VALUES ('d4afb71c-6787-80e2-a906-b53f3d6036f6', 'ff3012c1-297e-5371-1766-3f01d995a760', 'Sunday 6:00 PM', '2026-04-20T18:00:00', '2026-04-20T18:30:00', 6, 0) ON CONFLICT (id) DO NOTHING;
INSERT INTO audition_groups (id, show_id, name, start_time, end_time, slot_count, sort_order) VALUES ('93705cff-c107-3584-66aa-0bfc5369d1af', 'ff3012c1-297e-5371-1766-3f01d995a760', 'Sunday 6:30 PM', '2026-04-20T18:30:00', '2026-04-20T19:00:00', 6, 1) ON CONFLICT (id) DO NOTHING;
INSERT INTO audition_groups (id, show_id, name, start_time, end_time, slot_count, sort_order) VALUES ('04819fad-8c12-7501-8f7e-dd6b299e604c', 'ff3012c1-297e-5371-1766-3f01d995a760', 'Sunday 7:00 PM', '2026-04-20T19:00:00', '2026-04-20T19:30:00', 5, 2) ON CONFLICT (id) DO NOTHING;
INSERT INTO audition_groups (id, show_id, name, start_time, end_time, slot_count, sort_order) VALUES ('166ca11d-4223-a446-06d9-9ad51c318144', 'ff3012c1-297e-5371-1766-3f01d995a760', 'Monday 6:00 PM', '2026-04-21T18:00:00', '2026-04-21T18:30:00', 6, 3) ON CONFLICT (id) DO NOTHING;
INSERT INTO audition_groups (id, show_id, name, start_time, end_time, slot_count, sort_order) VALUES ('410a32db-6fcc-9f1a-4ecc-c7d3ab46167c', 'ff3012c1-297e-5371-1766-3f01d995a760', 'Monday 6:30 PM', '2026-04-21T18:30:00', '2026-04-21T19:00:00', 6, 4) ON CONFLICT (id) DO NOTHING;
INSERT INTO audition_groups (id, show_id, name, start_time, end_time, slot_count, sort_order) VALUES ('79c3f902-345e-3c65-b213-e3b5010deee7', 'ff3012c1-297e-5371-1766-3f01d995a760', 'Monday 7:00 PM', '2026-04-21T19:00:00', '2026-04-21T19:30:00', 5, 5) ON CONFLICT (id) DO NOTHING;
INSERT INTO audition_groups (id, show_id, name, start_time, end_time, slot_count, sort_order) VALUES ('b07c93cc-f33a-ed46-a0cf-382c1b47aa63', '23c25fc2-5eca-733e-84d2-2dcba9bad540', 'Group A — 6:00 PM', '2026-04-19T18:00:00', '2026-04-19T18:30:00', 6, 0) ON CONFLICT (id) DO NOTHING;
INSERT INTO audition_groups (id, show_id, name, start_time, end_time, slot_count, sort_order) VALUES ('3f34aac0-b8d8-254b-2d69-8128915a932a', '23c25fc2-5eca-733e-84d2-2dcba9bad540', 'Group B — 6:30 PM', '2026-04-19T18:30:00', '2026-04-19T19:00:00', 6, 1) ON CONFLICT (id) DO NOTHING;
INSERT INTO audition_groups (id, show_id, name, start_time, end_time, slot_count, sort_order) VALUES ('b47ed43c-513e-e3a9-976c-655057274b97', '23c25fc2-5eca-733e-84d2-2dcba9bad540', 'Group C — 7:00 PM', '2026-04-19T19:00:00', '2026-04-19T19:30:00', 5, 2) ON CONFLICT (id) DO NOTHING;
INSERT INTO audition_groups (id, show_id, name, start_time, end_time, slot_count, sort_order) VALUES ('1db277de-b113-ea95-c5f3-0b219e8a7a2b', '23c25fc2-5eca-733e-84d2-2dcba9bad540', 'Dance Call — 7:30 PM', '2026-04-19T19:30:00', '2026-04-19T20:15:00', 20, 3) ON CONFLICT (id) DO NOTHING;
INSERT INTO audition_groups (id, show_id, name, start_time, end_time, slot_count, sort_order) VALUES ('ff33cd57-c9f1-30ac-4ce0-5e44525a1fbf', 'df3d60da-908c-8521-b2dd-fc57caf4c51f', 'Saturday 2:00 PM', '2026-04-26T14:00:00', '2026-04-26T14:45:00', 6, 0) ON CONFLICT (id) DO NOTHING;
INSERT INTO audition_groups (id, show_id, name, start_time, end_time, slot_count, sort_order) VALUES ('bf6658d3-24c9-3088-15c2-3582f60bd090', 'df3d60da-908c-8521-b2dd-fc57caf4c51f', 'Saturday 3:00 PM', '2026-04-26T15:00:00', '2026-04-26T15:45:00', 6, 1) ON CONFLICT (id) DO NOTHING;
INSERT INTO audition_groups (id, show_id, name, start_time, end_time, slot_count, sort_order) VALUES ('820f9746-765d-4962-1672-7b25e2d8d953', 'df3d60da-908c-8521-b2dd-fc57caf4c51f', 'Sunday 2:00 PM', '2026-04-27T14:00:00', '2026-04-27T14:45:00', 6, 2) ON CONFLICT (id) DO NOTHING;
INSERT INTO audition_groups (id, show_id, name, start_time, end_time, slot_count, sort_order) VALUES ('0462d8d1-5f27-7f45-3027-cc8859d4dc46', 'df3d60da-908c-8521-b2dd-fc57caf4c51f', 'Sunday 3:00 PM', '2026-04-27T15:00:00', '2026-04-27T15:45:00', 5, 3) ON CONFLICT (id) DO NOTHING;
INSERT INTO audition_groups (id, show_id, name, start_time, end_time, slot_count, sort_order) VALUES ('e4604817-f848-c1c0-768e-8b97b4202897', 'ae99140d-3b32-c94e-7b36-084b009ef919', 'Evening 6:00 PM', '2026-04-22T18:00:00', '2026-04-22T18:30:00', 5, 0) ON CONFLICT (id) DO NOTHING;
INSERT INTO audition_groups (id, show_id, name, start_time, end_time, slot_count, sort_order) VALUES ('a10fa8a0-38ef-0b69-6b47-dcb1678ecd1a', 'ae99140d-3b32-c94e-7b36-084b009ef919', 'Evening 6:30 PM', '2026-04-22T18:30:00', '2026-04-22T19:00:00', 5, 1) ON CONFLICT (id) DO NOTHING;
INSERT INTO audition_groups (id, show_id, name, start_time, end_time, slot_count, sort_order) VALUES ('60bfd4ce-854d-25fb-5a28-1de2d90de303', 'ae99140d-3b32-c94e-7b36-084b009ef919', 'Evening 7:00 PM', '2026-04-22T19:00:00', '2026-04-22T19:30:00', 4, 2) ON CONFLICT (id) DO NOTHING;
INSERT INTO audition_groups (id, show_id, name, start_time, end_time, slot_count, sort_order) VALUES ('89cb265c-da65-5685-b69d-ee429e7afd9a', '22f19709-3311-40b0-7db7-82f979e7f676', 'Monday 6:00 PM', '2026-04-28T18:00:00', '2026-04-28T18:30:00', 5, 0) ON CONFLICT (id) DO NOTHING;
INSERT INTO audition_groups (id, show_id, name, start_time, end_time, slot_count, sort_order) VALUES ('fa42d50b-e242-3a43-8aa2-9f9e69878a76', '22f19709-3311-40b0-7db7-82f979e7f676', 'Monday 6:30 PM', '2026-04-28T18:30:00', '2026-04-28T19:00:00', 5, 1) ON CONFLICT (id) DO NOTHING;
INSERT INTO audition_groups (id, show_id, name, start_time, end_time, slot_count, sort_order) VALUES ('30a0b15b-8022-f22d-4ce3-2e89ea9022d2', '22f19709-3311-40b0-7db7-82f979e7f676', 'Monday 7:00 PM', '2026-04-28T19:00:00', '2026-04-28T19:30:00', 5, 2) ON CONFLICT (id) DO NOTHING;
INSERT INTO audition_groups (id, show_id, name, start_time, end_time, slot_count, sort_order) VALUES ('b2bcc2cd-08ad-98a2-7a12-c5370398506d', '22f19709-3311-40b0-7db7-82f979e7f676', 'Tuesday 6:00 PM', '2026-04-29T18:00:00', '2026-04-29T18:30:00', 5, 3) ON CONFLICT (id) DO NOTHING;
INSERT INTO audition_groups (id, show_id, name, start_time, end_time, slot_count, sort_order) VALUES ('76e55158-9f9f-7600-65e6-f797ad6781b6', '22f19709-3311-40b0-7db7-82f979e7f676', 'Tuesday 6:30 PM', '2026-04-29T18:30:00', '2026-04-29T19:00:00', 5, 4) ON CONFLICT (id) DO NOTHING;
INSERT INTO audition_groups (id, show_id, name, start_time, end_time, slot_count, sort_order) VALUES ('e582405c-d491-0a60-63d6-5632d1b66c44', '8ff79934-6092-6787-1a97-335538551da3', 'Saturday 1:00 PM', '2026-05-03T13:00:00', '2026-05-03T13:45:00', 5, 0) ON CONFLICT (id) DO NOTHING;
INSERT INTO audition_groups (id, show_id, name, start_time, end_time, slot_count, sort_order) VALUES ('b7e3253c-3bab-9f89-0a01-44bd695ed152', '8ff79934-6092-6787-1a97-335538551da3', 'Saturday 2:00 PM', '2026-05-03T14:00:00', '2026-05-03T14:45:00', 5, 1) ON CONFLICT (id) DO NOTHING;
INSERT INTO audition_groups (id, show_id, name, start_time, end_time, slot_count, sort_order) VALUES ('187ce88f-3b40-1260-60b2-9082900741fd', '8ff79934-6092-6787-1a97-335538551da3', 'Sunday 1:00 PM', '2026-05-04T13:00:00', '2026-05-04T13:45:00', 5, 2) ON CONFLICT (id) DO NOTHING;
INSERT INTO audition_groups (id, show_id, name, start_time, end_time, slot_count, sort_order) VALUES ('1e2a63dc-3caf-58ee-e71c-0f5f262919ab', '8ff79934-6092-6787-1a97-335538551da3', 'Sunday 2:00 PM', '2026-05-04T14:00:00', '2026-05-04T14:45:00', 5, 3) ON CONFLICT (id) DO NOTHING;
INSERT INTO audition_groups (id, show_id, name, start_time, end_time, slot_count, sort_order) VALUES ('8d6e779d-5d4a-6107-5f0d-8f22db580d04', '9791dc7a-8480-1374-3906-44b1004182dd', 'Saturday 2:00 PM', '2026-03-28T14:00:00', '2026-03-28T14:30:00', 5, 0) ON CONFLICT (id) DO NOTHING;
INSERT INTO audition_groups (id, show_id, name, start_time, end_time, slot_count, sort_order) VALUES ('c263c4f5-6b8c-6846-947d-9e6b5af1982a', '9791dc7a-8480-1374-3906-44b1004182dd', 'Saturday 2:30 PM', '2026-03-28T14:30:00', '2026-03-28T15:00:00', 5, 1) ON CONFLICT (id) DO NOTHING;
INSERT INTO audition_groups (id, show_id, name, start_time, end_time, slot_count, sort_order) VALUES ('aa366638-07d5-5ef5-8c21-69e707db680f', '9791dc7a-8480-1374-3906-44b1004182dd', 'Sunday 2:00 PM', '2026-03-29T14:00:00', '2026-03-29T14:30:00', 5, 2) ON CONFLICT (id) DO NOTHING;
INSERT INTO audition_groups (id, show_id, name, start_time, end_time, slot_count, sort_order) VALUES ('bd6363fc-15ed-fb93-a568-de139f183609', '9791dc7a-8480-1374-3906-44b1004182dd', 'Sunday 2:30 PM', '2026-03-29T14:30:00', '2026-03-29T15:00:00', 5, 3) ON CONFLICT (id) DO NOTHING;
INSERT INTO audition_groups (id, show_id, name, start_time, end_time, slot_count, sort_order) VALUES ('dcf18d6d-3085-b417-dc79-d528192f94be', '54205682-3e7f-5ba9-a606-b1084f6db256', 'Saturday 2:00 PM', '2026-03-14T14:00:00', '2026-03-14T14:30:00', 5, 0) ON CONFLICT (id) DO NOTHING;
INSERT INTO audition_groups (id, show_id, name, start_time, end_time, slot_count, sort_order) VALUES ('adbe8bc0-1ce0-60a2-8204-b4f9ef89a913', '54205682-3e7f-5ba9-a606-b1084f6db256', 'Saturday 2:30 PM', '2026-03-14T14:30:00', '2026-03-14T15:00:00', 5, 1) ON CONFLICT (id) DO NOTHING;
INSERT INTO audition_groups (id, show_id, name, start_time, end_time, slot_count, sort_order) VALUES ('b3b7615c-df86-4558-9803-9a44fea5dddb', '54205682-3e7f-5ba9-a606-b1084f6db256', 'Sunday 2:00 PM', '2026-03-15T14:00:00', '2026-03-15T14:30:00', 6, 2) ON CONFLICT (id) DO NOTHING;
INSERT INTO audition_groups (id, show_id, name, start_time, end_time, slot_count, sort_order) VALUES ('6ea9d1cf-dfec-f95f-35d2-cd2b814ec71c', '54205682-3e7f-5ba9-a606-b1084f6db256', 'Sunday 2:30 PM', '2026-03-15T14:30:00', '2026-03-15T15:00:00', 6, 3) ON CONFLICT (id) DO NOTHING;
INSERT INTO audition_groups (id, show_id, name, start_time, end_time, slot_count, sort_order) VALUES ('b4ff4b55-6946-14b2-6d5c-f9fab1d06a5b', 'a6f771af-72c2-3733-d93a-44d8ebcf4607', 'Sunday 2:00 PM', '2026-02-22T14:00:00', '2026-02-22T14:30:00', 6, 0) ON CONFLICT (id) DO NOTHING;
INSERT INTO audition_groups (id, show_id, name, start_time, end_time, slot_count, sort_order) VALUES ('a82e17f8-df0e-7cce-18d1-8713ed678db1', 'a6f771af-72c2-3733-d93a-44d8ebcf4607', 'Sunday 2:30 PM', '2026-02-22T14:30:00', '2026-02-22T15:00:00', 6, 1) ON CONFLICT (id) DO NOTHING;
INSERT INTO audition_groups (id, show_id, name, start_time, end_time, slot_count, sort_order) VALUES ('80f66265-5ddd-e2a9-4117-fb13a8c46767', 'a6f771af-72c2-3733-d93a-44d8ebcf4607', 'Sunday 3:00 PM', '2026-02-22T15:00:00', '2026-02-22T15:30:00', 5, 2) ON CONFLICT (id) DO NOTHING;
INSERT INTO audition_groups (id, show_id, name, start_time, end_time, slot_count, sort_order) VALUES ('227e4dca-353a-b381-374b-8997c3854637', 'a6f771af-72c2-3733-d93a-44d8ebcf4607', 'Monday 6:00 PM', '2026-02-23T18:00:00', '2026-02-23T18:30:00', 6, 3) ON CONFLICT (id) DO NOTHING;
INSERT INTO audition_groups (id, show_id, name, start_time, end_time, slot_count, sort_order) VALUES ('88230539-4dea-3b88-5f14-98be8c6a8ce4', 'a6f771af-72c2-3733-d93a-44d8ebcf4607', 'Monday 6:30 PM', '2026-02-23T18:30:00', '2026-02-23T19:00:00', 6, 4) ON CONFLICT (id) DO NOTHING;
